﻿<?xml version="1.0" encoding="utf-8" ?>
<c2eventsheet>
    <!--All the 'name' attributes are ignored by Construct 2 - they are there for readability only.-->
    <name>Event sheet 1</name>
    <events>
        <event-block sid="668029684318659">
            <conditions>
                <condition id="0" name="On collision with another object" sid="150545372512340" type="Sprite12">
                    <param id="0" name="Object">pared2</param>
                </condition>
            </conditions>
            <actions>
                <action id="7" name="Set mirrored" sid="224008679567712" type="Sprite12">
                    <param id="0" name="State">0</param>
                </action>
            </actions>
        </event-block>
        <event-block sid="232364302787822">
            <conditions>
                <condition id="0" name="On collision with another object" sid="341237864510918" type="Sprite12">
                    <param id="0" name="Object">pared1</param>
                </condition>
            </conditions>
            <actions>
                <action id="7" name="Set mirrored" sid="625856595155092" type="Sprite12">
                    <param id="0" name="State">1</param>
                </action>
            </actions>
        </event-block>
        <event-block sid="863006179247093">
            <conditions>
                <condition id="0" name="On collision with another object" sid="745437138063298" type="Sprite16">
                    <param id="0" name="Object">paredm1</param>
                </condition>
            </conditions>
            <actions>
                <action id="7" name="Set mirrored" sid="304152802235117" type="Sprite16">
                    <param id="0" name="State">0</param>
                </action>
            </actions>
        </event-block>
        <event-block sid="495049217635089">
            <conditions>
                <condition id="0" name="On collision with another object" sid="293486281420147" type="Sprite16">
                    <param id="0" name="Object">paredm2</param>
                </condition>
            </conditions>
            <actions>
                <action id="7" name="Set mirrored" sid="182626194403212" type="Sprite16">
                    <param id="0" name="State">1</param>
                </action>
            </actions>
        </event-block>
    </events>
</c2eventsheet>
